1,Monitor,Monitor de alta calidad para uso en ofimática e informática.,Periféricos,10,186.31,AMD,TechWorld
2,Mouse,Mouse de alta calidad para uso en ofimática e informática.,Accesorios,44,129.32,Asus,TechWorld
3,Webcam,Webcam de alta calidad para uso en ofimática e informática.,Periféricos,79,161.18,Kingston,InfoMarket
4,SSD,SSD de alta calidad para uso en ofimática e informática.,Componentes,62,285.16,HP,HardwareHub
5,Micrófono,Micrófono de alta calidad para uso en ofimática e informática.,Almacenamiento,65,100.65,Samsung,InfoMarket
6,Mouse,Mouse de alta calidad para uso en ofimática e informática.,Almacenamiento,80,117.27,Corsair,InfoMarket
7,Placa Base,Placa Base de alta calidad para uso en ofimática e informática.,Periféricos,74,415.81,Kingston,InfoMarket
8,Webcam,Webcam de alta calidad para uso en ofimática e informática.,Periféricos,45,446.28,Intel,HardwareHub
9,Mouse,Mouse de alta calidad para uso en ofimática e informática.,Accesorios,14,117.21,NVIDIA,InfoMarket
10,Monitor,Monitor de alta calidad para uso en ofimática e informática.,Accesorios,95,490.98,Samsung,InfoMarket
11,Webcam,Webcam de alta calidad para uso en ofimática e informática.,Almacenamiento,13,148.69,Kingston,DigitalStore
12,Tarjeta Gráfica,Tarjeta Gráfica de alta calidad para uso en ofimática e informática.,Almacenamiento,16,444.77,Corsair,CompSupply
13,Teclado,Teclado de alta calidad para uso en ofimática e informática.,Periféricos,76,416.08,Dell,HardwareHub
14,Tarjeta Gráfica,Tarjeta Gráfica de alta calidad para uso en ofimática e informática.,Componentes,10,494.28,Corsair,DigitalStore
15,Micrófono,Micrófono de alta calidad para uso en ofimática e informática.,Accesorios,77,407.52,AMD,TechWorld
16,Monitor,Monitor de alta calidad para uso en ofimática e informática.,Accesorios,42,351.89,Kingston,TechWorld
17,SSD,SSD de alta calidad para uso en ofimática e informática.,Almacenamiento,47,24.67,Corsair,CompSupply
18,SSD,SSD de alta calidad para uso en ofimática e informática.,Periféricos,33,174.6,Kingston,HardwareHub
19,Mouse,Mouse de alta calidad para uso en ofimática e informática.,Almacenamiento,37,322.33,Dell,HardwareHub
20,Monitor,Monitor de alta calidad para uso en ofimática e informática.,Periféricos,36,420.41,Dell,HardwareHub
21,Procesador,Procesador de alta calidad para uso en ofimática e informática.,Componentes,18,132.64,Samsung,HardwareHub
22,Tarjeta Gráfica,Tarjeta Gráfica de alta calidad para uso en ofimática e informática.,Almacenamiento,29,382.39,Microsoft,InfoMarket
23,Disco Duro,Disco Duro de alta calidad para uso en ofimática e informática.,Accesorios,52,243.75,NVIDIA,InfoMarket
24,Teclado,Teclado de alta calidad para uso en ofimática e informática.,Periféricos,49,215.34,Kingston,InfoMarket
25,Disco Duro,Disco Duro de alta calidad para uso en ofimática e informática.,Periféricos,63,489.38,Samsung,InfoMarket
26,Procesador,Procesador de alta calidad para uso en ofimática e informática.,Accesorios,81,388.56,Microsoft,InfoMarket
27,SSD,SSD de alta calidad para uso en ofimática e informática.,Periféricos,37,339.99,NVIDIA,InfoMarket
28,Placa Base,Placa Base de alta calidad para uso en ofimática e informática.,Almacenamiento,34,294.22,HP,CompSupply
29,Disco Duro,Disco Duro de alta calidad para uso en ofimática e informática.,Accesorios,59,186.24,Dell,InfoMarket
30,Procesador,Procesador de alta calidad para uso en ofimática e informática.,Accesorios,23,97.18,Microsoft,InfoMarket
31,Altavoces,Altavoces de alta calidad para uso en ofimática e informática.,Accesorios,95,150.27,NVIDIA,InfoMarket
32,Altavoces,Altavoces de alta calidad para uso en ofimática e informática.,Periféricos,29,77.12,Dell,InfoMarket
33,Monitor,Monitor de alta calidad para uso en ofimática e informática.,Accesorios,81,282.54,Acer,CompSupply
34,Mouse,Mouse de alta calidad para uso en ofimática e informática.,Componentes,17,268.35,Corsair,CompSupply
35,Memoria RAM,Memoria RAM de alta calidad para uso en ofimática e informática.,Almacenamiento,15,169.63,Samsung,TechWorld
36,Webcam,Webcam de alta calidad para uso en ofimática e informática.,Periféricos,95,355.97,Logitech,TechWorld
37,SSD,SSD de alta calidad para uso en ofimática e informática.,Componentes,74,407.54,Acer,TechWorld
38,Memoria RAM,Memoria RAM de alta calidad para uso en ofimática e informática.,Almacenamiento,50,402.26,Corsair,DigitalStore
39,Micrófono,Micrófono de alta calidad para uso en ofimática e informática.,Accesorios,27,215.93,Dell,TechWorld
40,Placa Base,Placa Base de alta calidad para uso en ofimática e informática.,Periféricos,80,247.82,Microsoft,InfoMarket
41,Disco Duro,Disco Duro de alta calidad para uso en ofimática e informática.,Componentes,91,186.39,AMD,InfoMarket
42,Teclado,Teclado de alta calidad para uso en ofimática e informática.,Componentes,87,65.54,Dell,HardwareHub
43,Teclado,Teclado de alta calidad para uso en ofimática e informática.,Almacenamiento,79,387.46,Corsair,TechWorld
44,Tarjeta Gráfica,Tarjeta Gráfica de alta calidad para uso en ofimática e informática.,Accesorios,78,439.15,AMD,HardwareHub
45,Monitor,Monitor de alta calidad para uso en ofimática e informática.,Componentes,49,493.96,Acer,TechWorld
46,Tarjeta Gráfica,Tarjeta Gráfica de alta calidad para uso en ofimática e informática.,Periféricos,91,216.52,AMD,DigitalStore
47,Memoria RAM,Memoria RAM de alta calidad para uso en ofimática e informática.,Accesorios,83,450.28,Corsair,HardwareHub
48,Disco Duro,Disco Duro de alta calidad para uso en ofimática e informática.,Accesorios,25,199.58,Corsair,TechWorld
49,Memoria RAM,Memoria RAM de alta calidad para uso en ofimática e informática.,Componentes,88,314.17,Kingston,TechWorld
50,Disco Duro,Disco Duro de alta calidad para uso en ofimática e informática.,Componentes,21,469.54,Dell,InfoMarket
51,SSD,SSD de alta calidad para uso en ofimática e informática.,Componentes,38,499.88,Asus,CompSupply
52,Memoria RAM,Memoria RAM de alta calidad para uso en ofimática e informática.,Almacenamiento,29,328.7,Logitech,DigitalStore
53,Mouse,Mouse de alta calidad para uso en ofimática e informática.,Componentes,68,218.4,NVIDIA,InfoMarket
54,Placa Base,Placa Base de alta calidad para uso en ofimática e informática.,Componentes,12,239.26,Samsung,TechWorld
55,Mouse,Mouse de alta calidad para uso en ofimática e informática.,Almacenamiento,64,309.11,Microsoft,InfoMarket
56,Monitor,Monitor de alta calidad para uso en ofimática e informática.,Componentes,70,358.16,Acer,HardwareHub
57,Procesador,Procesador de alta calidad para uso en ofimática e informática.,Accesorios,73,487.38,Corsair,TechWorld
58,Tarjeta Gráfica,Tarjeta Gráfica de alta calidad para uso en ofimática e informática.,Almacenamiento,41,344.69,Samsung,DigitalStore
59,Placa Base,Placa Base de alta calidad para uso en ofimática e informática.,Accesorios,81,447.09,Asus,InfoMarket
60,Webcam,Webcam de alta calidad para uso en ofimática e informática.,Almacenamiento,52,436.21,Acer,TechWorld
